Roland,Khan,rkhan123@example.com,22,Khan Fitness Products Ltd
Catherine,Lewis,clewis456@example.com,56,Lewis Design Ltd
Craig,Gilray,cgilray789@example.com,31,Expert Worktops Ltd
Lydia,Matthews,lmatthews123@example.com,35,Matthews Productions Ltd
Eric,Rowley,erowley456@example.com,35,West View Developments Ltd
Hannah,Smithers,hsmithers789@example.com,49,Jewel Care Services Ltd
Lewis,Morton,lmorton123@example.com,39,Morton Plastics Ltd
Maria,Elgar,melgar456@example.com,79,Elgar Electronics Ltd
Tyler,Ward,tward789@example.com,39,Ward Refrigeration Ltd
Olivia,Nichols,onichols123@example.com,95,Nichols Cleaners Ltd
Kurt,Laker,klaker456@example.com,73,Laker Builders Ltd
Lucy,Quentin,lquentin789@example.com,67,Quentin Party Supplies Ltd
Glen,Milton,gmilton123@example.com,73,Milton Cakes Ltd
Hayley,Caine,hcaine456@example.com,94,Caine Coverings Ltd
George,Poole,gpoole789@example.com,43,Poole Office Supplies Ltd
Judy,Leary,jleary123@example.com,22,Leary Circuitry Ltd
Andrew,Ward,award456@example.com,45,Ward Fruit Importers Ltd
Emma,Conway,econway789@example.com,31,Conway Lab Equipment Ltd
Kevin,Reeve,kreeve123@example.com,79,Reeve Scaffolding Ltd
Karen,Quirke,kquirke456@example.com,74,Sterling Logistics Ltd
Edwin,Hanson,ehanson789@example.com,97,West Point Pet Supplies Ltd
Diane,Vardy,dvardy123@example.com,53,Vardy Tiles Ltd
Edwin,Connor,econnor456@example.com,32,Connor Glassware Ltd
Chelsea,Illsley,cillsley789@example.com,29,On Top Crafts Ltd
Raymond,Noakes,rnoakes123@example.com,98,Countrywide Timepieces Ltd
Andrea,Lear,alear456@example.com,88,Lear Transport Ltd
Larry,Dodds,ldodds789@example.com,27,Dodds Traders Ltd
Kelly,Sutton,ksutton123@example.com,33,Sutton Off Road Vehicles Ltd
Jeffrey,Jacks,jjacks456@example.com,86,Better Health Products Ltd
Xaria,Barratt,xbarratt789@example.com,87,County Beauty Products Ltd
Zak,Earl,zearl123@example.com,59,East View Automations Ltd
Michelle,Zellweger,mzellweger456@example.com,71,Zellweger Sportswear Ltd
Joe,Turnbull,jturnbull789@example.com,30,Astral Signs Ltd
Judy,Maltby,jmaltby123@example.com,80,Maltby Plastics Ltd
Cecil,Popplewell,cpopplewell456@example.com,68,Popplewell Cleaners Ltd
Kimberley,Austin,kaustin789@example.com,34,Austin Meat Packaging Ltd
Andrew,Thornton,athornton123@example.com,99,On Time Beverages Ltd
Rita,Faulkner,rfaulkner456@example.com,24,Faulkner Antiques Ltd
Joseph,Ashdown,jashdown789@example.com,90,Riverside Bridal Wear Ltd
Rose,Thompson,rthompson123@example.com,85,Thompson Machinery Ltd
Albert,Addler,aaddler456@example.com,23,Addler Sporting Goods Ltd
Adele,East,aeast789@example.com,84,East Party Supplies Ltd
Benjamin,Morley,benjaminmorl@hmail.com,20,Fine Cars Ltd
Lily,Harford,lilyharfor@outlook.com,67,Harford Supplements Ltd
Owen,Wardman,owenwardma@yahoo.com,96,Wardman Modelling Ltd
Angela,Macavoy,angelamaca@protonmail.com,68,Macavoy Foods Ltd
Cecil,Pope,cecilpope@aol.com,25,Pope Transport Ltd
Carrie,Keays,carriekeay@tutanota.com,42,Keays Trading Ltd
Harvey,Wardman,harveyward@gmail.com,24,Super Workwear Ltd
Margaret,Hope,margaretho@mail.com,20,East Side Care Services Ltd
Mark,Williamson,markwillia@hotmail.com,47,Williamson Modelling Ltd
Diane,Jagger,dianejagger@yandex.com,84,Jagger Computing Ltd
Julian,Yeoman,julianyeom@fastmail.com,34,Yeoman Publishing Ltd
Tanya,Elliott,tanyaellio@gmx.com,58,Elliott Foods Ltd
Robert,Grange,robertgran@zoho.com,62,North View Publications Ltd
Amy,Wyatt,amywyatt@icloud.com,31,Wyatt Cash & Carry Ltd
Glen,Netherton,glennether@mail.ru,73,Netherton Disposal Ltd
Jane,Newsome,janenewsom@inbox.com,87,Newsome Chemicals Ltd
Edward,Poole,edwardpool@mailchimp.com,44,Countrywide Promotions Ltd
Hayley,Harford,hayleyharf@gmx.us,40,Harford Beauty Products Ltd
Aubrey,Hallwood,aubreyhall@hushmail.com,31,Hallwood Supplements Ltd
Tiffany,Kingfisher,tiffanykin@yopmail.com,85,West View Recreational Vehicles Ltd
William,Irons,williamiro@yahoo.co.uk,92,Irons Gardening Services Ltd
Isabelle,Armstrong,isabellear@protonmail.ch,48,Armstrong Powdered Coatings Ltd
Raymond,Hammerton,raymondham@aol.co.uk,29,Hammerton Double Glazing Ltd
Tammy,Johns,tammyjohns@zoho.eu,53,Johns Timepieces Ltd
Charles,Gardner,charlesgar@icloud.com,58,Gardner Signs Ltd
Jessica,Icke,jessicaick@outlook.jp,92,Icke Tiles Ltd
Ronald,Sampson,ronaldsamp@mail.com,92,Sampson Scaffolding Ltd
Angela,Zuckerman,angelazuck@gmx.us,47,Zuckerman Promotions Ltd
Raymond,Houston,raymondhou@yahoo.com,66,Houston Automations Ltd
Hayley,Finch,hayleyfinc@tutanota.de,54,Finch Security Ltd
Bradley,Dreyfus,bradleydre@protonmail.com,27,Dreyfus Building Materials Ltd
Marilyn,Pendrick,marilynped@mail.ru,39,Pendrick Entertainment Ltd
Anthony,Icke,anthonyick@inbox.com,67,Icke Signs Ltd
Erica,Portland,ericaportl@icloud.com,44,Portland Antiques Ltd
Stephen,Hope,stephenhop@yahoo.com,38,Hope Appliances Ltd
Cynthia,Yardley,cynthiayar@zoho.com,51,Yardley Developments Ltd
Roland,Cathcart,rolandcath@gmx.com,31,Cathcart Foodstuffs Ltd
Grace,Zellweger,gracezell@outlook.com,44,Zellweger Express Ltd
Kurt,Glover,kurtglover@mailchimp.com,21,Glover Technologies Ltd
Melissa,Nichols,melissanic@mail.com,69,Nichols Exhibitions Ltd
Jonathan,Hudson,jonathanhu@yahoo.co.uk,64,Hudson Workwear Ltd
Xaria,Ennis,xariaennis@protonmail.ch,68,Ennis Plumbing Ltd
Bradley,Radcliffe,bradleyrad@aol.co.uk,59,Astral Brewery Ltd
Mary,O'Neill,maryoneill@hushmail.com,48,O'Neill Furniture Ltd
Vincent,Ellis,vincentell@gmx.us,65,Ellis Packaging Ltd
Cheryl,Elliott,cherylelli@zoho.eu,43,Elliott Reproductions Ltd
Brian,Dawson,briandawso@icloud.com,70,South View Transport Ltd
Yasmin,Nesmith,yasminnesm@outlook.jp,32,Nesmith Travel Ltd
Oliver,Gibson,olivergibs@mail.com,66,Gibson Sportswear Ltd
Paula,Allen,paulaallen@inbox.com,55,Phoenix Marine Equipment Ltd
Donald,Simmons,donaldsimm@yahoo.com,93,Simmons Computing Ltd
Kimberley,Abbott,kimberleya@protonmail.com,66,Abbott Costume Hire Ltd
Dale,Thackray,dalethackr@gmx.us,23,Thackray Coverings Ltd
Tanya,Kirkham,tanyakirkh@tutanota.de,77,Summit Security Ltd
Simon,Ingeman,simoningem@mail.ru,59,Ingeman Foodstuffs Ltd
Stacy,Earl,stacyearl@yahoo.co.uk,30,Earl Software Ltd
Robert,Keays,robertkeay@mailchimp.com,66,Keays Home Services Ltd
Diana,O'Grady,dianaograd@mail.com,23,O'Grady Powdered Coatings Ltd
Patrick,Dover,patrickdov@icloud.com,54,Dover Express Ltd
Eleanor,Bates,eleanorbate@zoho.com,66,Classic Services Ltd
Gordon,Jenkinson,gordonjenk@mail.ru,54,Jenkinson Cleaning Products Ltd
Catherine,Patrick,catherinep@outlook.com,36,Patrick Signs Ltd
Ryan,Newbold,ryannewbol@protonmail.com,56,Sterling Car Repairs Ltd
Linda,Oakey,lindaoakey@mailchimp.com,66,Oakey Photography Ltd
Vincent,Beckley,vincentbec@aol.co.uk,44,Beckley Chemicals Ltd
Becky,Lemon,beckylemon@hushmail.com,87,Lemon Camping Supplies Ltd
Conrad,Beckley,conradbeck@gmx.us,63,Beckley Building Materials Ltd
Michelle,Macarthur,michellem@zoho.eu,59,North View Enterprises Ltd
Aaron,Hardy,aaronhardy@yahoo.co.uk,64,Hardy Advertising Ltd
Megan,Newbold,megannewbo@protonmail.ch,74,Newbold Removals Ltd
Matthew,Purvis,mattpurvis123@example.com,55,West View Party Supplies Ltd
Sarah,Bradshaw,sarahb456@example.com,99,Bradshaw Waste Disposal Ltd
Darryl,Dreyfus,darryld789@example.com,22,Dreyfus Pet Supplies Ltd
Helen,Turnbull,helent987@example.com,38,Turnbull Fabrics Ltd
Albert,Atkins,alberta321@example.com,37,Atkins Builders Ltd
Lily,Newsome,lilyn456@example.com,27,Newsome Finishing Ltd
Anthony,Duke,anthonyd654@example.com,84,Duke Cameras Ltd
Norma,Raymond,normar789@example.com,81,Raymond Circuitry Ltd
Jay,Felderman,jayf123@example.com,51,Felderman Beauty Treatments Ltd
Fiona,Nesbitt,fionan987@example.com,71,Nesbitt Flooring Ltd
Lloyd,Pringle,lloydpr876@example.com,38,Pringle Marketing Ltd
Lauryn,Dover,laurynd654@example.com,83,Phoenix Arts Ltd
Joseph,Franklin,josephf321@example.com,62,Franklin Lighting Services Ltd
Geraldine,Mellor,geraldinem123@example.com,32,Mellor Instruments Ltd
Michael,Lennon,michaell345@example.com,30,Lennon Lab Equipment Ltd
Katie,Roth,katier789@example.com,83,Roth Plant Hire Ltd
Frank,Chapel,frankc987@example.com,66,South View Aviation Ltd
Tanya,Nesbitt,tanyan654@example.com,38,Nesbitt Manufacturing Ltd
Joshua,Brooks,joshuab321@example.com,55,Brooks Nursing Supplies Ltd
Cathy,Lyons,cathyl876@example.com,71,Diamond Modelling Ltd
Oliver,Fleming,oliverf123@example.com,95,Fleming Tractors Ltd
Elizabeth,Kilroy,elizabethk456@example.com,50,Kilroy Publishing Ltd
Simeon,Hadden,simeonh789@example.com,37,Hadden Marketing Ltd
Fiona,Sylvester,fionas987@example.com,35,Sylvester Carpenters Ltd
Stephen,Hackman,stephenh321@example.com,46,Hackman Computers Ltd
Rita,Renley,ritar789@example.com,34,Renley Coachworks Ltd
Lewis,Kilkenny,lewisk654@example.com,26,Kilkenny Cameras Ltd
Tia,Felderman,tiaf123@example.com,92,Felderman Plant Hire Ltd
Adam,Ratner,adamr987@example.com,66,On Time Tractors Ltd
Wendy,Noakes,wendyn654@example.com,47,Noakes Sportswear Ltd
Tyler,Hewitt,tylerh321@example.com,49,Hewitt Gourmet Foods Ltd
Sharon,Elerick,sharone789@example.com,25,Summit Meat Packaging Ltd
Keith,Kirk,keithk456@example.com,23,Kirk Scaffolding Ltd
Dawn,Elerick,dawne123@example.com,38,Jewel Recycling Ltd
Quentin,Roth,quentinr789@example.com,40,Citywide Marketing Ltd
Jenna,Jenkins,jennaj654@example.com,32,Jenkins Footwear Ltd
Harvey,Conway,harveyc321@example.com,57,Conway Trading Ltd
Fiona,Thompson,fionat987@example.com,81,Thompson Workwear Ltd
